<?xml version="1.0" encoding="UTF-8"?>
<GenRun Id="impl_1" LaunchPart="xc7a35tfgg484-1" LaunchTime="1555225707">
  <File Type="PWROPT-DCP" Name="timer_pwropt.dcp"/>
  <File Type="ROUTE-PWR" Name="timer_power_routed.rpt"/>
  <File Type="PA-TCL" Name="timer.tcl"/>
  <File Type="ROUTE-PWR-SUM" Name="timer_power_summary_routed.pb"/>
  <File Type="REPORTS-TCL" Name="timer_reports.tcl"/>
  <File Type="BG-DRC" Name="timer.drc"/>
  <File Type="OPT-METHODOLOGY-DRC" Name="timer_methodology_drc_opted.rpt"/>
  <File Type="INIT-TIMING" Name="timer_timing_summary_init.rpt"/>
  <File Type="OPT-HWDEF" Name="timer.hwdef"/>
  <File Type="OPT-DCP" Name="timer_opt.dcp"/>
  <File Type="OPT-DRC" Name="timer_drc_opted.rpt"/>
  <File Type="OPT-TIMING" Name="timer_timing_summary_opted.rpt"/>
  <File Type="PWROPT-DRC" Name="timer_drc_pwropted.rpt"/>
  <File Type="PWROPT-TIMING" Name="timer_timing_summary_pwropted.rpt"/>
  <File Type="PLACE-DCP" Name="timer_placed.dcp"/>
  <File Type="PLACE-IO" Name="timer_io_placed.rpt"/>
  <File Type="PLACE-CLK" Name="timer_clock_utilization_placed.rpt"/>
  <File Type="PLACE-UTIL" Name="timer_utilization_placed.rpt"/>
  <File Type="PLACE-UTIL-PB" Name="timer_utilization_placed.pb"/>
  <File Type="PLACE-CTRL" Name="timer_control_sets_placed.rpt"/>
  <File Type="PLACE-SIMILARITY" Name="timer_incremental_reuse_placed.rpt"/>
  <File Type="PLACE-PRE-SIMILARITY" Name="timer_incremental_reuse_pre_placed.rpt"/>
  <File Type="PLACE-TIMING" Name="timer_timing_summary_placed.rpt"/>
  <File Type="POSTPLACE-PWROPT-DCP" Name="timer_postplace_pwropt.dcp"/>
  <File Type="POSTPLACE-PWROPT-TIMING" Name="timer_timing_summary_postplace_pwropted.rpt"/>
  <File Type="PHYSOPT-DCP" Name="timer_physopt.dcp"/>
  <File Type="PHYSOPT-DRC" Name="timer_drc_physopted.rpt"/>
  <File Type="BG-BIT" Name="timer.bit"/>
  <File Type="PHYSOPT-TIMING" Name="timer_timing_summary_physopted.rpt"/>
  <File Type="ROUTE-ERROR-DCP" Name="timer_routed_error.dcp"/>
  <File Type="ROUTE-DCP" Name="timer_routed.dcp"/>
  <File Type="ROUTE-BLACKBOX-DCP" Name="timer_routed_bb.dcp"/>
  <File Type="ROUTE-DRC" Name="timer_drc_routed.rpt"/>
  <File Type="ROUTE-DRC-PB" Name="timer_drc_routed.pb"/>
  <File Type="BITSTR-MSK" Name="timer.msk"/>
  <File Type="ROUTE-DRC-RPX" Name="timer_drc_routed.rpx"/>
  <File Type="BG-BGN" Name="timer.bgn"/>
  <File Type="ROUTE-METHODOLOGY-DRC" Name="timer_methodology_drc_routed.rpt"/>
  <File Type="BITSTR-RBT" Name="timer.rbt"/>
  <File Type="ROUTE-METHODOLOGY-DRC-RPX" Name="timer_methodology_drc_routed.rpx"/>
  <File Type="BG-BIN" Name="timer.bin"/>
  <File Type="ROUTE-METHODOLOGY-DRC-PB" Name="timer_methodology_drc_routed.pb"/>
  <File Type="ROUTE-PWR-RPX" Name="timer_power_routed.rpx"/>
  <File Type="ROUTE-STATUS" Name="timer_route_status.rpt"/>
  <File Type="ROUTE-STATUS-PB" Name="timer_route_status.pb"/>
  <File Type="ROUTE-TIMINGSUMMARY" Name="timer_timing_summary_routed.rpt"/>
  <File Type="ROUTE-TIMING-PB" Name="timer_timing_summary_routed.pb"/>
  <File Type="ROUTE-TIMING-RPX" Name="timer_timing_summary_routed.rpx"/>
  <File Type="ROUTE-SIMILARITY" Name="timer_incremental_reuse_routed.rpt"/>
  <File Type="RDI-RDI" Name="timer.vdi"/>
  <File Type="ROUTE-CLK" Name="timer_clock_utilization_routed.rpt"/>
  <File Type="POSTROUTE-PHYSOPT-DCP" Name="timer_postroute_physopt.dcp"/>
  <File Type="POSTROUTE-PHYSOPT-BLACKBOX-DCP" Name="timer_postroute_physopt_bb.dcp"/>
  <File Type="POSTROUTE-PHYSOPT-TIMING" Name="timer_timing_summary_postroute_physopted.rpt"/>
  <File Type="POSTROUTE-PHYSOPT-TIMING-PB" Name="timer_timing_summary_postroute_physopted.pb"/>
  <File Type="POSTROUTE-PHYSOPT-TIMING-RPX" Name="timer_timing_summary_postroute_physopted.rpx"/>
  <File Type="BITSTR-NKY" Name="timer.nky"/>
  <File Type="BITSTR-BMM" Name="timer_bd.bmm"/>
  <File Type="BITSTR-MMI" Name="timer.mmi"/>
  <File Type="BITSTR-LTX" Name="debug_nets.ltx"/>
  <File Type="BITSTR-LTX" Name="timer.ltx"/>
  <File Type="BITSTR-SYSDEF" Name="timer.sysdef"/>
  <File Type="WBT-USG" Name="usage_statistics_webtalk.html"/>
  <FileSet Name="sources" Type="DesignSrcs" RelSrcDir="$PSRCDIR/sources_1">
    <Filter Type="Srcs"/>
    <File Path="$PSRCDIR/sources_1/new/uart.v">
      <FileInfo>
        <Attr Name="UsedIn" Val="synthesis"/>
        <Attr Name="UsedIn" Val="implementation"/>
        <Attr Name="UsedIn" Val="simulation"/>
      </FileInfo>
    </File>
    <File Path="$PSRCDIR/sources_1/new/uart_rx.v">
      <FileInfo>
        <Attr Name="UsedIn" Val="synthesis"/>
        <Attr Name="UsedIn" Val="implementation"/>
        <Attr Name="UsedIn" Val="simulation"/>
      </FileInfo>
    </File>
    <File Path="$PSRCDIR/sources_1/new/uart_tx.v">
      <FileInfo>
        <Attr Name="UsedIn" Val="synthesis"/>
        <Attr Name="UsedIn" Val="implementation"/>
        <Attr Name="UsedIn" Val="simulation"/>
      </FileInfo>
    </File>
    <File Path="$PSRCDIR/sources_1/new/timer.v">
      <FileInfo>
        <Attr Name="UsedIn" Val="synthesis"/>
        <Attr Name="UsedIn" Val="implementation"/>
        <Attr Name="UsedIn" Val="simulation"/>
      </FileInfo>
    </File>
    <Config>
      <Option Name="DesignMode" Val="RTL"/>
      <Option Name="TopModule" Val="timer"/>
      <Option Name="TopAutoSet" Val="TRUE"/>
    </Config>
  </FileSet>
  <FileSet Name="constrs_in" Type="Constrs" RelSrcDir="$PSRCDIR/constrs_1">
    <Filter Type="Constrs"/>
    <File Path="$PSRCDIR/constrs_1/new/timer_xdc.xdc">
      <FileInfo>
        <Attr Name="UsedIn" Val="synthesis"/>
        <Attr Name="UsedIn" Val="implementation"/>
      </FileInfo>
    </File>
    <Config>
      <Option Name="ConstrsType" Val="XDC"/>
    </Config>
  </FileSet>
  <Strategy Version="1" Minor="2">
    <StratHandle Name="Vivado Implementation Defaults" Flow="Vivado Implementation 2017"/>
    <Step Id="init_design"/>
    <Step Id="opt_design"/>
    <Step Id="power_opt_design"/>
    <Step Id="place_design"/>
    <Step Id="post_place_power_opt_design"/>
    <Step Id="phys_opt_design"/>
    <Step Id="route_design"/>
    <Step Id="post_route_phys_opt_design"/>
    <Step Id="write_bitstream"/>
  </Strategy>
  <BlockFileSet Type="BlockSrcs" Name="clk_wiz_0"/>
  <BlockFileSet Type="BlockSrcs" Name="vio_0"/>
</GenRun>
